dataset,defense,feature_set,error_bound,epsilon,closed_world
liberatore,none,vng++,0.03329275360516845,0.0665855072103369,False
liberatore,none,panchenko,0.023375477565842316,0.04675095513168463,False
liberatore,session-random-gaussian,vng++,0.028893349988624157,0.057786699977248314,False
liberatore,session-random-gaussian,panchenko,0.039101120504074764,0.07820224100814953,False
liberatore,packet-random-gaussian,vng++,0.03237873568057051,0.06475747136114102,False
liberatore,packet-random-gaussian,panchenko,0.023044728222867038,0.046089456445734076,False
liberatore,session-random-255,vng++,0.034079491645197954,0.06815898329039591,False
liberatore,session-random-255,panchenko,0.02418247902065823,0.04836495804131646,False
liberatore,packet-random-255,vng++,0.033705780920781026,0.06741156184156205,False
liberatore,packet-random-255,panchenko,0.022920941320073152,0.045841882640146304,False
liberatore,none,vng++,0.03957449027229046,0.07914898054458092,False
liberatore,none,panchenko,0.02801195273460273,0.05602390546920546,False
liberatore,session-random-gaussian,vng++,0.03981118009407347,0.07962236018814695,False
liberatore,session-random-gaussian,panchenko,0.029044991934623097,0.058089983869246194,False
liberatore,packet-random-gaussian,vng++,0.038025254174654174,0.07605050834930835,False
liberatore,packet-random-gaussian,panchenko,0.03011702540244974,0.06023405080489948,False
liberatore,session-random-255,vng++,0.03961674508040502,0.07923349016081004,False
liberatore,session-random-255,panchenko,0.038105447033655836,0.07621089406731167,False
liberatore,packet-random-255,vng++,0.039339791272682015,0.07867958254536403,False
liberatore,packet-random-255,panchenko,0.028698006926750442,0.057396013853500884,False
liberatore,none,vng++,0.02698025680704267,0.05396051361408534,False
liberatore,none,panchenko,0.01788567905833241,0.03577135811666482,False
liberatore,session-random-gaussian,vng++,0.02958551482803689,0.05917102965607378,False
liberatore,session-random-gaussian,panchenko,0.030573958628616074,0.06114791725723215,False
liberatore,packet-random-gaussian,vng++,0.030193979931011704,0.06038795986202341,False
liberatore,packet-random-gaussian,panchenko,0.023245486577352027,0.04649097315470405,False
liberatore,session-random-255,vng++,0.032256014808627664,0.06451202961725533,False
liberatore,session-random-255,panchenko,0.023590701793110975,0.04718140358622195,False
liberatore,packet-random-255,vng++,0.031029466233300617,0.062058932466601234,False
liberatore,packet-random-255,panchenko,0.024640878108137403,0.04928175621627481,False
liberatore,none,vng++,0.026876715877714643,0.053753431755429286,False
liberatore,none,panchenko,0.01609887448300679,0.03219774896601358,False
liberatore,session-random-gaussian,vng++,0.02864570156011579,0.05729140312023158,False
liberatore,session-random-gaussian,panchenko,0.03051492401484052,0.06102984802968104,False
liberatore,packet-random-gaussian,vng++,0.028815379231860398,0.057630758463720795,False
liberatore,packet-random-gaussian,panchenko,0.02269204786350078,0.04538409572700156,False
liberatore,session-random-255,vng++,0.03125567308547922,0.06251134617095844,False
liberatore,session-random-255,panchenko,0.02369771465162524,0.04739542930325048,False
liberatore,packet-random-255,vng++,0.03030195794941212,0.06060391589882424,False
liberatore,packet-random-255,panchenko,0.024635727829351924,0.04927145565870385,False
liberatore,none,vng++,0.026901344048351684,0.05380268809670337,False
liberatore,none,panchenko,0.018764609766311287,0.037529219532622574,False
liberatore,session-random-gaussian,vng++,0.02999452423438749,0.05998904846877498,False
liberatore,session-random-gaussian,panchenko,0.03506754173847936,0.07013508347695872,False
liberatore,packet-random-gaussian,vng++,0.028782120292630813,0.057564240585261627,False
liberatore,packet-random-gaussian,panchenko,0.025077818939414236,0.05015563787882847,False
liberatore,session-random-255,vng++,0.032203104112891304,0.06440620822578261,False
liberatore,session-random-255,panchenko,0.026031911617027594,0.05206382323405519,False
liberatore,packet-random-255,vng++,0.032133312864536634,0.06426662572907327,False
liberatore,packet-random-255,panchenko,0.025888136482641984,0.05177627296528397,False
liberatore,none,vng++,0.02729332586949286,0.05458665173898572,False
liberatore,none,panchenko,0.01500584396432167,0.03001168792864334,False
liberatore,session-random-gaussian,vng++,0.02816932811783567,0.05633865623567134,False
liberatore,session-random-gaussian,panchenko,0.031475539313911755,0.06295107862782351,False
liberatore,packet-random-gaussian,vng++,0.029883891426708557,0.05976778285341711,False
liberatore,packet-random-gaussian,panchenko,0.021823161000314884,0.04364632200062977,False
liberatore,session-random-255,vng++,0.0323017359534517,0.0646034719069034,False
liberatore,session-random-255,panchenko,0.021889485539793217,0.043778971079586435,False
liberatore,packet-random-255,vng++,0.031256813377526164,0.06251362675505233,False
liberatore,packet-random-255,panchenko,0.019182455320260444,0.03836491064052089,False
liberatore,none,vng++,0.034800336939397034,0.06960067387879407,False
liberatore,none,panchenko,0.018103609180175163,0.036207218360350325,False
liberatore,session-random-gaussian,vng++,0.03386416178244144,0.06772832356488288,False
liberatore,session-random-gaussian,panchenko,0.03963207035234234,0.07926414070468468,False
liberatore,packet-random-gaussian,vng++,0.035092921093714036,0.07018584218742807,False
liberatore,packet-random-gaussian,panchenko,0.026613991542935766,0.05322798308587153,False
liberatore,session-random-255,vng++,0.03827364578229842,0.07654729156459684,False
liberatore,session-random-255,panchenko,0.027486629563292998,0.054973259126585995,False
liberatore,packet-random-255,vng++,0.04003573737925202,0.08007147475850404,False
liberatore,packet-random-255,panchenko,0.024331163836358628,0.048662327672717255,False
liberatore,none,vng++,0.026394265765946053,0.052788531531892106,False
liberatore,none,panchenko,0.01648994649757808,0.03297989299515616,False
liberatore,session-random-gaussian,vng++,0.028514989637598617,0.057029979275197235,False
liberatore,session-random-gaussian,panchenko,0.03039777423717831,0.06079554847435662,False
liberatore,packet-random-gaussian,vng++,0.028471027738129297,0.05694205547625859,False
liberatore,packet-random-gaussian,panchenko,0.023864422631864023,0.047728845263728045,False
liberatore,session-random-255,vng++,0.03167566523712185,0.0633513304742437,False
liberatore,session-random-255,panchenko,0.0236501189882142,0.0473002379764284,False
liberatore,packet-random-255,vng++,0.03182190481918126,0.06364380963836253,False
liberatore,packet-random-255,panchenko,0.02369648958870756,0.04739297917741512,False
liberatore,none,vng++,0.029376432575507455,0.05875286515101491,False
liberatore,none,panchenko,0.01823271526425736,0.03646543052851472,False
liberatore,session-random-gaussian,vng++,0.03126397973656636,0.06252795947313272,False
liberatore,session-random-gaussian,panchenko,0.03810950353507219,0.07621900707014438,False
liberatore,packet-random-gaussian,vng++,0.03198108130395466,0.06396216260790932,False
liberatore,packet-random-gaussian,panchenko,0.02367895143270501,0.04735790286541002,False
liberatore,session-random-255,vng++,0.03308959730797395,0.0661791946159479,False
liberatore,session-random-255,panchenko,0.025353928972419698,0.050707857944839396,False
liberatore,packet-random-255,vng++,0.03268024420934097,0.06536048841868194,False
liberatore,packet-random-255,panchenko,0.022613268743086567,0.045226537486173134,False
liberatore,none,vng++,0.029685157370250882,0.059370314740501764,False
liberatore,none,panchenko,0.019767123973917812,0.039534247947835624,False
liberatore,session-random-gaussian,vng++,0.03272463020140029,0.06544926040280058,False
liberatore,session-random-gaussian,panchenko,0.039512759902209184,0.07902551980441837,False
liberatore,packet-random-gaussian,vng++,0.03348422707669849,0.06696845415339699,False
liberatore,packet-random-gaussian,panchenko,0.02770617452180252,0.05541234904360504,False
liberatore,session-random-255,vng++,0.03698074792003716,0.07396149584007432,False
liberatore,session-random-255,panchenko,0.027404807090397436,0.05480961418079487,False
liberatore,packet-random-255,vng++,0.03710371500197263,0.07420743000394527,False
liberatore,packet-random-255,panchenko,0.02574323043470349,0.05148646086940698,False
liberatore,none,vng++,0.029817057300060745,0.05963411460012149,False
liberatore,none,panchenko,0.01960798206128578,0.03921596412257156,False
liberatore,session-random-gaussian,vng++,0.0339386231528809,0.0678772463057618,False
liberatore,session-random-gaussian,panchenko,0.037126227278133535,0.07425245455626707,False
liberatore,packet-random-gaussian,vng++,0.03586980045500894,0.07173960091001788,False
liberatore,packet-random-gaussian,panchenko,0.027882729515894628,0.055765459031789255,False
liberatore,session-random-255,vng++,0.038446889553729144,0.07689377910745829,False
liberatore,session-random-255,panchenko,0.027606767534484808,0.055213535068969616,False
liberatore,packet-random-255,vng++,0.039232997511335695,0.07846599502267139,False
liberatore,packet-random-255,panchenko,0.02711740621990966,0.05423481243981932,False
liberatore,none,vng++,0.02750255349804078,0.05500510699608156,False
liberatore,none,panchenko,0.015620113194854825,0.03124022638970965,False
liberatore,session-random-gaussian,vng++,0.02973855993986904,0.05947711987973808,False
liberatore,session-random-gaussian,panchenko,0.03858304983018094,0.07716609966036188,False
liberatore,packet-random-gaussian,vng++,0.03200332818414253,0.06400665636828506,False
liberatore,packet-random-gaussian,panchenko,0.02203076113784457,0.04406152227568914,False
liberatore,session-random-255,vng++,0.033666435854408934,0.06733287170881787,False
liberatore,session-random-255,panchenko,0.023732765294563456,0.04746553058912691,False
liberatore,packet-random-255,vng++,0.03479591846223332,0.06959183692446665,False
liberatore,packet-random-255,panchenko,0.02310971235167461,0.04621942470334922,False
liberatore,none,vng++,0.030277448158838573,0.060554896317677145,False
liberatore,none,panchenko,0.017688706061022245,0.03537741212204449,False
liberatore,session-random-gaussian,vng++,0.032308133918792115,0.06461626783758423,False
liberatore,session-random-gaussian,panchenko,0.03639037030916677,0.07278074061833353,False
liberatore,packet-random-gaussian,vng++,0.030262960361447853,0.060525920722895706,False
liberatore,packet-random-gaussian,panchenko,0.02575952368991909,0.05151904737983818,False
liberatore,session-random-255,vng++,0.03295661069950988,0.06591322139901976,False
liberatore,session-random-255,panchenko,0.027737244233300665,0.05547448846660133,False
liberatore,packet-random-255,vng++,0.03315741832094941,0.06631483664189881,False
liberatore,packet-random-255,panchenko,0.024850737837580315,0.04970147567516063,False
liberatore,none,vng++,0.03213191908957451,0.06426383817914902,False
liberatore,none,panchenko,0.0185360615647742,0.0370721231295484,False
liberatore,session-random-gaussian,vng++,0.035451186935478815,0.07090237387095763,False
liberatore,session-random-gaussian,panchenko,0.037271265022534444,0.07454253004506889,False
liberatore,packet-random-gaussian,vng++,0.03446983780447939,0.06893967560895878,False
liberatore,packet-random-gaussian,panchenko,0.02673337787394776,0.05346675574789552,False
liberatore,session-random-255,vng++,0.03656228739263971,0.07312457478527942,False
liberatore,session-random-255,panchenko,0.02634616618073698,0.05269233236147396,False
liberatore,packet-random-255,vng++,0.033667896721612155,0.06733579344322431,False
liberatore,packet-random-255,panchenko,0.024799499334746806,0.04959899866949361,False
liberatore,none,vng++,0.029664583114448008,0.059329166228896016,False
liberatore,none,panchenko,0.018726673759354766,0.03745334751870953,False
liberatore,session-random-gaussian,vng++,0.031370148136088884,0.06274029627217777,False
liberatore,session-random-gaussian,panchenko,0.03612501746349219,0.07225003492698438,False
liberatore,packet-random-gaussian,vng++,0.030789544629412004,0.06157908925882401,False
liberatore,packet-random-gaussian,panchenko,0.02537753725196431,0.05075507450392862,False
liberatore,session-random-255,vng++,0.03366207471757811,0.06732414943515622,False
liberatore,session-random-255,panchenko,0.024881940411531186,0.04976388082306237,False
liberatore,packet-random-255,vng++,0.035384733413409315,0.07076946682681863,False
liberatore,packet-random-255,panchenko,0.023469528195485756,0.04693905639097151,False
liberatore,none,vng++,0.02596985562372267,0.05193971124744534,False
liberatore,none,panchenko,0.01672495165686162,0.03344990331372324,False
liberatore,session-random-gaussian,vng++,0.02648899321423892,0.05297798642847784,False
liberatore,session-random-gaussian,panchenko,0.03153770544871366,0.06307541089742733,False
liberatore,packet-random-gaussian,vng++,0.026882481333854374,0.05376496266770875,False
liberatore,packet-random-gaussian,panchenko,0.02091959402113324,0.04183918804226648,False
liberatore,session-random-255,vng++,0.028324933405159198,0.056649866810318396,False
liberatore,session-random-255,panchenko,0.021623836305475992,0.043247672610951984,False
liberatore,packet-random-255,vng++,0.02823445278689503,0.05646890557379006,False
liberatore,packet-random-255,panchenko,0.022267183218742447,0.044534366437484894,False
liberatore,none,vng++,0.0313993561398936,0.0627987122797872,False
liberatore,none,panchenko,0.018101699505420017,0.036203399010840034,False
liberatore,session-random-gaussian,vng++,0.03109896147459067,0.06219792294918134,False
liberatore,session-random-gaussian,panchenko,0.03472121819033344,0.06944243638066688,False
liberatore,packet-random-gaussian,vng++,0.032888602309147766,0.06577720461829553,False
liberatore,packet-random-gaussian,panchenko,0.024692299537619724,0.04938459907523945,False
liberatore,session-random-255,vng++,0.033397871191563525,0.06679574238312705,False
liberatore,session-random-255,panchenko,0.0253588516946544,0.0507177033893088,False
liberatore,packet-random-255,vng++,0.03315431712014945,0.0663086342402989,False
liberatore,packet-random-255,panchenko,0.02407528095058702,0.04815056190117404,False
liberatore,none,vng++,0.031100128060639342,0.062200256121278684,False
liberatore,none,panchenko,0.017853169945337873,0.035706339890675745,False
liberatore,session-random-gaussian,vng++,0.03320105503704858,0.06640211007409716,False
liberatore,session-random-gaussian,panchenko,0.03426409364777815,0.0685281872955563,False
liberatore,packet-random-gaussian,vng++,0.0337297167761945,0.067459433552389,False
liberatore,packet-random-gaussian,panchenko,0.023640597472069227,0.047281194944138454,False
liberatore,session-random-255,vng++,0.035388047499882086,0.07077609499976417,False
liberatore,session-random-255,panchenko,0.02372173455655992,0.04744346911311984,False
liberatore,packet-random-255,vng++,0.03504048539112623,0.07008097078225246,False
liberatore,packet-random-255,panchenko,0.022458726294848245,0.04491745258969649,False
liberatore,none,vng++,0.02776577000351126,0.05553154000702252,False
liberatore,none,panchenko,0.017573811138306104,0.03514762227661221,False
liberatore,session-random-gaussian,vng++,0.030101410492117148,0.060202820984234295,False
liberatore,session-random-gaussian,panchenko,0.0311865230657663,0.0623730461315326,False
liberatore,packet-random-gaussian,vng++,0.03207079140648077,0.06414158281296153,False
liberatore,packet-random-gaussian,panchenko,0.023149715312839773,0.046299430625679545,False
liberatore,session-random-255,vng++,0.03385720911183153,0.06771441822366306,False
liberatore,session-random-255,panchenko,0.023291065429799786,0.04658213085959957,False
liberatore,packet-random-255,vng++,0.03468149849040191,0.06936299698080382,False
liberatore,packet-random-255,panchenko,0.024465889498094168,0.048931778996188335,False
liberatore,none,vng++,0.03421331758083872,0.06842663516167743,False
liberatore,none,panchenko,0.01973925502294136,0.03947851004588272,False
liberatore,session-random-gaussian,vng++,0.036721778962074236,0.07344355792414847,False
liberatore,session-random-gaussian,panchenko,0.039213061016981875,0.07842612203396375,False
liberatore,packet-random-gaussian,vng++,0.03853845546402323,0.07707691092804646,False
liberatore,packet-random-gaussian,panchenko,0.02823068179783349,0.05646136359566698,False
liberatore,session-random-255,vng++,0.03589698841605548,0.07179397683211096,False
liberatore,session-random-255,panchenko,0.028855049108210008,0.057710098216420015,False
liberatore,packet-random-255,vng++,0.03952618839954605,0.0790523767990921,False
liberatore,packet-random-255,panchenko,0.0265095117516365,0.053019023503273,False
liberatore,none,vng++,0.02349901279818145,0.0469980255963629,False
liberatore,none,panchenko,0.013411577881038719,0.026823155762077437,False
liberatore,session-random-gaussian,vng++,0.025704070150188277,0.051408140300376555,False
liberatore,session-random-gaussian,panchenko,0.031228944772974485,0.06245788954594897,False
liberatore,packet-random-gaussian,vng++,0.02645357903977143,0.05290715807954286,False
liberatore,packet-random-gaussian,panchenko,0.019409595039573492,0.038819190079146984,False
liberatore,session-random-255,vng++,0.02711558474248278,0.05423116948496556,False
liberatore,session-random-255,panchenko,0.019207631272764293,0.038415262545528586,False
liberatore,packet-random-255,vng++,0.026330675822197086,0.05266135164439417,False
liberatore,packet-random-255,panchenko,0.019068892968541983,0.038137785937083966,False
liberatore,none,vng++,0.03069760381285431,0.06139520762570862,False
liberatore,none,panchenko,0.01852790110599094,0.03705580221198188,False
liberatore,session-random-gaussian,vng++,0.0329755207765092,0.0659510415530184,False
liberatore,session-random-gaussian,panchenko,0.03884579899384431,0.07769159798768863,False
liberatore,packet-random-gaussian,vng++,0.03266421514790595,0.0653284302958119,False
liberatore,packet-random-gaussian,panchenko,0.026903321830130392,0.053806643660260785,False
liberatore,session-random-255,vng++,0.035043180696822336,0.07008636139364467,False
liberatore,session-random-255,panchenko,0.02682731307765213,0.05365462615530426,False
liberatore,packet-random-255,vng++,0.03585260505044177,0.07170521010088354,False
liberatore,packet-random-255,panchenko,0.02631307300056661,0.05262614600113322,False
liberatore,none,vng++,0.026381524377879148,0.052763048755758296,False
liberatore,none,panchenko,0.01676098629760341,0.03352197259520682,False
liberatore,session-random-gaussian,vng++,0.03112891616391384,0.06225783232782768,False
liberatore,session-random-gaussian,panchenko,0.03547420447353076,0.07094840894706152,False
liberatore,packet-random-gaussian,vng++,0.028659720371010958,0.057319440742021915,False
liberatore,packet-random-gaussian,panchenko,0.02310077922621028,0.04620155845242056,False
liberatore,session-random-255,vng++,0.03204187808714318,0.06408375617428635,False
liberatore,session-random-255,panchenko,0.021655982648591116,0.04331196529718223,False
liberatore,packet-random-255,vng++,0.0340428925366977,0.0680857850733954,False
liberatore,packet-random-255,panchenko,0.021722638955979638,0.043445277911959276,False
liberatore,none,vng++,0.02816152934616304,0.05632305869232608,False
liberatore,none,panchenko,0.015192053480846427,0.030384106961692855,False
liberatore,session-random-gaussian,vng++,0.029678440360299006,0.05935688072059801,False
liberatore,session-random-gaussian,panchenko,0.03140636432319443,0.06281272864638886,False
liberatore,packet-random-gaussian,vng++,0.03121738169388309,0.06243476338776618,False
liberatore,packet-random-gaussian,panchenko,0.02251219918710994,0.04502439837421988,False
liberatore,session-random-255,vng++,0.03104335368994392,0.06208670737988784,False
liberatore,session-random-255,panchenko,0.02350228570148193,0.04700457140296386,False
liberatore,packet-random-255,vng++,0.030546863315077652,0.061093726630155304,False
liberatore,packet-random-255,panchenko,0.021115949749151167,0.04223189949830233,False
liberatore,none,vng++,0.029105606900003186,0.05821121380000637,False
liberatore,none,panchenko,0.016935278540913694,0.03387055708182739,False
liberatore,session-random-gaussian,vng++,0.03171191675291706,0.06342383350583412,False
liberatore,session-random-gaussian,panchenko,0.03451385883910657,0.06902771767821314,False
liberatore,packet-random-gaussian,vng++,0.030602818388129508,0.061205636776259016,False
liberatore,packet-random-gaussian,panchenko,0.024801675961093044,0.04960335192218609,False
liberatore,session-random-255,vng++,0.03231725286117739,0.06463450572235478,False
liberatore,session-random-255,panchenko,0.02563620135305383,0.05127240270610766,False
liberatore,packet-random-255,vng++,0.033494837900352396,0.06698967580070479,False
liberatore,packet-random-255,panchenko,0.02335073025747709,0.04670146051495418,False
liberatore,none,vng++,0.028414700861785384,0.05682940172357077,False
liberatore,none,panchenko,0.016804183119429245,0.03360836623885849,False
liberatore,session-random-gaussian,vng++,0.03080755980657649,0.06161511961315298,False
liberatore,session-random-gaussian,panchenko,0.03210074879924484,0.06420149759848968,False
liberatore,packet-random-gaussian,vng++,0.030473586625625187,0.060947173251250375,False
liberatore,packet-random-gaussian,panchenko,0.022906339847045095,0.04581267969409019,False
liberatore,session-random-255,vng++,0.029281873096621176,0.05856374619324235,False
liberatore,session-random-255,panchenko,0.022867479010782777,0.045734958021565554,False
liberatore,packet-random-255,vng++,0.03205213730998114,0.06410427461996228,False
liberatore,packet-random-255,panchenko,0.021748812035827732,0.043497624071655465,False
liberatore,none,vng++,0.02970408561504144,0.05940817123008288,False
liberatore,none,panchenko,0.017630524838475586,0.03526104967695117,False
liberatore,session-random-gaussian,vng++,0.034238239919439355,0.06847647983887871,False
liberatore,session-random-gaussian,panchenko,0.04136850783928716,0.08273701567857432,False
liberatore,packet-random-gaussian,vng++,0.03348031061275594,0.06696062122551188,False
liberatore,packet-random-gaussian,panchenko,0.022644206987824874,0.04528841397564975,False
liberatore,session-random-255,vng++,0.03412411730743056,0.06824823461486113,False
liberatore,session-random-255,panchenko,0.025057532946265924,0.05011506589253185,False
liberatore,packet-random-255,vng++,0.03376357882404327,0.06752715764808653,False
liberatore,packet-random-255,panchenko,0.022928411150632808,0.045856822301265615,False
liberatore,none,vng++,0.025708013301234872,0.051416026602469744,False
liberatore,none,panchenko,0.015579722535980039,0.031159445071960078,False
liberatore,session-random-gaussian,vng++,0.026702987605821574,0.05340597521164315,False
liberatore,session-random-gaussian,panchenko,0.034083283547395954,0.06816656709479191,False
liberatore,packet-random-gaussian,vng++,0.029458309854078508,0.058916619708157016,False
liberatore,packet-random-gaussian,panchenko,0.021221497448578045,0.04244299489715609,False
liberatore,session-random-255,vng++,0.030412031652300397,0.060824063304600794,False
liberatore,session-random-255,panchenko,0.021476124520665375,0.04295224904133075,False
liberatore,packet-random-255,vng++,0.030711542765219466,0.06142308553043893,False
liberatore,packet-random-255,panchenko,0.021092245176941513,0.042184490353883025,False
liberatore,none,vng++,0.025866729103682876,0.05173345820736575,False
liberatore,none,panchenko,0.017041441572175554,0.03408288314435111,False
liberatore,session-random-gaussian,vng++,0.027591818823182325,0.05518363764636465,False
liberatore,session-random-gaussian,panchenko,0.035581788785284826,0.07116357757056965,False
liberatore,packet-random-gaussian,vng++,0.029248235027974964,0.05849647005594993,False
liberatore,packet-random-gaussian,panchenko,0.02440962570952952,0.04881925141905904,False
liberatore,session-random-255,vng++,0.03025829483782066,0.06051658967564132,False
liberatore,session-random-255,panchenko,0.024316486711463522,0.048632973422927044,False
liberatore,packet-random-255,vng++,0.03313288356554598,0.06626576713109196,False
liberatore,packet-random-255,panchenko,0.022205854354488054,0.04441170870897611,False
liberatore,none,vng++,0.03320295843174361,0.06640591686348722,False
liberatore,none,panchenko,0.02202060843052178,0.04404121686104356,False
liberatore,session-random-gaussian,vng++,0.03503308109426384,0.07006616218852768,False
liberatore,session-random-gaussian,panchenko,0.04396082760197581,0.08792165520395162,False
liberatore,packet-random-gaussian,vng++,0.03554770186134695,0.0710954037226939,False
liberatore,packet-random-gaussian,panchenko,0.027461356401282676,0.05492271280256535,False
liberatore,session-random-255,vng++,0.03559919495334327,0.07119838990668655,False
liberatore,session-random-255,panchenko,0.027710860857480604,0.05542172171496121,False
liberatore,packet-random-255,vng++,0.03967162909323462,0.07934325818646924,False
liberatore,packet-random-255,panchenko,0.027612484147770032,0.055224968295540064,False
liberatore,none,vng++,0.03587114505446191,0.07174229010892381,False
liberatore,none,panchenko,0.02095428487039966,0.04190856974079932,False
liberatore,session-random-gaussian,vng++,0.03595293794639374,0.07190587589278748,False
liberatore,session-random-gaussian,panchenko,0.043603721678732194,0.08720744335746439,False
liberatore,packet-random-gaussian,vng++,0.03775587611763272,0.07551175223526543,False
liberatore,packet-random-gaussian,panchenko,0.02913060824014957,0.05826121648029914,False
liberatore,session-random-255,vng++,0.04101101164972094,0.08202202329944187,False
liberatore,session-random-255,panchenko,0.029277953213251898,0.058555906426503795,False
liberatore,packet-random-255,vng++,0.03774713455203142,0.07549426910406284,False
liberatore,packet-random-255,panchenko,0.027211115386388283,0.05442223077277657,False
liberatore,none,vng++,0.023197262926815326,0.04639452585363065,False
liberatore,none,panchenko,0.014652825234553593,0.029305650469107186,False
liberatore,session-random-gaussian,vng++,0.02572051495550938,0.05144102991101876,False
liberatore,session-random-gaussian,panchenko,0.025537482519181146,0.05107496503836229,False
liberatore,packet-random-gaussian,vng++,0.024603579710975713,0.049207159421951426,False
liberatore,packet-random-gaussian,panchenko,0.019063892757685472,0.038127785515370945,False
liberatore,session-random-255,vng++,0.02726184095526176,0.05452368191052352,False
liberatore,session-random-255,panchenko,0.020191906249426538,0.040383812498853075,False
liberatore,packet-random-255,vng++,0.02649965816806083,0.05299931633612166,False
liberatore,packet-random-255,panchenko,0.018483848433014614,0.03696769686602923,False
liberatore,none,vng++,0.02399927592292423,0.04799855184584846,False
liberatore,none,panchenko,0.015651639915900125,0.03130327983180025,False
liberatore,session-random-gaussian,vng++,0.027404127149848814,0.05480825429969763,False
liberatore,session-random-gaussian,panchenko,0.037662161064855516,0.07532432212971103,False
liberatore,packet-random-gaussian,vng++,0.028216361356941614,0.05643272271388323,False
liberatore,packet-random-gaussian,panchenko,0.02120810024940147,0.04241620049880294,False
liberatore,session-random-255,vng++,0.029843044598152613,0.05968608919630523,False
liberatore,session-random-255,panchenko,0.023452395541641288,0.046904791083282577,False
liberatore,packet-random-255,vng++,0.030174801039766563,0.060349602079533125,False
liberatore,packet-random-255,panchenko,0.023899401578623768,0.047798803157247535,False
liberatore,none,vng++,0.028555125622519547,0.057110251245039094,False
liberatore,none,panchenko,0.016733865133152476,0.03346773026630495,False
liberatore,session-random-gaussian,vng++,0.02956490786568387,0.05912981573136774,False
liberatore,session-random-gaussian,panchenko,0.03426872530231582,0.06853745060463164,False
liberatore,packet-random-gaussian,vng++,0.030526494439774864,0.06105298887954973,False
liberatore,packet-random-gaussian,panchenko,0.023511008359527324,0.04702201671905465,False
liberatore,session-random-255,vng++,0.030156159370531305,0.06031231874106261,False
liberatore,session-random-255,panchenko,0.023785699621708113,0.047571399243416225,False
liberatore,packet-random-255,vng++,0.0314102569090971,0.0628205138181942,False
liberatore,packet-random-255,panchenko,0.022648967662570265,0.04529793532514053,False
liberatore,none,vng++,0.02654293961084134,0.05308587922168268,False
liberatore,none,panchenko,0.018052012662964585,0.03610402532592917,False
liberatore,session-random-gaussian,vng++,0.029283976973936206,0.05856795394787241,False
liberatore,session-random-gaussian,panchenko,0.03406993113990971,0.06813986227981941,False
liberatore,packet-random-gaussian,vng++,0.029709547988046238,0.059419095976092476,False
liberatore,packet-random-gaussian,panchenko,0.02423424612312721,0.04846849224625442,False
liberatore,session-random-255,vng++,0.029807229728162347,0.059614459456324695,False
liberatore,session-random-255,panchenko,0.02380530067473442,0.04761060134946884,False
liberatore,packet-random-255,vng++,0.03047704352425738,0.06095408704851476,False
liberatore,packet-random-255,panchenko,0.023416476032572364,0.04683295206514473,False
liberatore,none,vng++,0.03151965593457061,0.06303931186914122,False
liberatore,none,panchenko,0.02113608071850917,0.04227216143701834,False
liberatore,session-random-gaussian,vng++,0.035483243896192604,0.07096648779238521,False
liberatore,session-random-gaussian,panchenko,0.03672627724674917,0.07345255449349834,False
liberatore,packet-random-gaussian,vng++,0.033766076315202474,0.06753215263040495,False
liberatore,packet-random-gaussian,panchenko,0.02662356851584982,0.05324713703169964,False
liberatore,session-random-255,vng++,0.036437671692838645,0.07287534338567729,False
liberatore,session-random-255,panchenko,0.027190850499905498,0.054381700999810996,False
liberatore,packet-random-255,vng++,0.03603831398685133,0.07207662797370266,False
liberatore,packet-random-255,panchenko,0.026082251339041632,0.052164502678083265,False
liberatore,none,vng++,0.024935141816280294,0.04987028363256059,False
liberatore,none,panchenko,0.014985622266225733,0.029971244532451466,False
liberatore,session-random-gaussian,vng++,0.02710968972746628,0.05421937945493256,False
liberatore,session-random-gaussian,panchenko,0.030255775463451987,0.060511550926903974,False
liberatore,packet-random-gaussian,vng++,0.025662867301622472,0.051325734603244945,False
liberatore,packet-random-gaussian,panchenko,0.021979236339732155,0.04395847267946431,False
liberatore,session-random-255,vng++,0.02875401381120982,0.05750802762241964,False
liberatore,session-random-255,panchenko,0.02169165971377661,0.04338331942755322,False
liberatore,packet-random-255,vng++,0.028369683548613956,0.05673936709722791,False
liberatore,packet-random-255,panchenko,0.022063877460318283,0.044127754920636565,False
liberatore,none,vng++,0.02361987773551999,0.04723975547103998,False
liberatore,none,panchenko,0.014268897274650036,0.028537794549300072,False
liberatore,session-random-gaussian,vng++,0.025499349740987602,0.050998699481975204,False
liberatore,session-random-gaussian,panchenko,0.030665993235718423,0.061331986471436846,False
liberatore,packet-random-gaussian,vng++,0.025183911415393688,0.050367822830787376,False
liberatore,packet-random-gaussian,panchenko,0.021236157866554004,0.04247231573310801,False
liberatore,session-random-255,vng++,0.027712877622291104,0.05542575524458221,False
liberatore,session-random-255,panchenko,0.021436592321934365,0.04287318464386873,False
liberatore,packet-random-255,vng++,0.027726237317424365,0.05545247463484873,False
liberatore,packet-random-255,panchenko,0.02120206624185772,0.04240413248371544,False
liberatore,none,vng++,0.03914153191667871,0.07828306383335742,False
liberatore,none,panchenko,0.02261541025662518,0.04523082051325036,False
liberatore,session-random-gaussian,vng++,0.04215461051593809,0.08430922103187619,False
liberatore,session-random-gaussian,panchenko,0.045833529928898636,0.09166705985779727,False
liberatore,packet-random-gaussian,vng++,0.041453930993145656,0.08290786198629131,False
liberatore,packet-random-gaussian,panchenko,0.02980198218492222,0.05960396436984444,False
liberatore,session-random-255,vng++,0.04233695531819401,0.08467391063638802,False
liberatore,session-random-255,panchenko,0.030367032955424117,0.060734065910848234,False
liberatore,packet-random-255,vng++,0.04539195469403885,0.0907839093880777,False
liberatore,packet-random-255,panchenko,0.029148493033021392,0.058296986066042784,False
liberatore,none,vng++,0.027904873649858303,0.055809747299716606,False
liberatore,none,panchenko,0.017753985850645,0.03550797170129,False
liberatore,session-random-gaussian,vng++,0.029234362356530083,0.058468724713060166,False
liberatore,session-random-gaussian,panchenko,0.03505490370984366,0.07010980741968732,False
liberatore,packet-random-gaussian,vng++,0.029936774408485883,0.05987354881697177,False
liberatore,packet-random-gaussian,panchenko,0.02446572793524481,0.04893145587048962,False
liberatore,session-random-255,vng++,0.03205659490202164,0.06411318980404328,False
liberatore,session-random-255,panchenko,0.024499930394125832,0.048999860788251665,False
liberatore,packet-random-255,vng++,0.03200583668041381,0.06401167336082762,False
liberatore,packet-random-255,panchenko,0.02290437161549106,0.04580874323098212,False
liberatore,none,vng++,0.03450146946939599,0.06900293893879197,False
liberatore,none,panchenko,0.020272782939516086,0.04054556587903217,False
liberatore,session-random-gaussian,vng++,0.030999096863803078,0.061998193727606156,False
liberatore,session-random-gaussian,panchenko,0.03960122204286738,0.07920244408573476,False
liberatore,packet-random-gaussian,vng++,0.03144518313501925,0.0628903662700385,False
liberatore,packet-random-gaussian,panchenko,0.027772091598218803,0.055544183196437606,False
liberatore,session-random-255,vng++,0.03451292588772553,0.06902585177545106,False
liberatore,session-random-255,panchenko,0.02799329396547783,0.05598658793095566,False
liberatore,packet-random-255,vng++,0.03616361726420285,0.0723272345284057,False
liberatore,packet-random-255,panchenko,0.02628157020148063,0.05256314040296126,False
liberatore,none,vng++,0.028462964489887298,0.056925928979774595,False
liberatore,none,panchenko,0.017214976443264064,0.03442995288652813,False
liberatore,session-random-gaussian,vng++,0.03042626919917008,0.06085253839834016,False
liberatore,session-random-gaussian,panchenko,0.03905092792237631,0.07810185584475263,False
liberatore,packet-random-gaussian,vng++,0.03037253646020285,0.0607450729204057,False
liberatore,packet-random-gaussian,panchenko,0.0238163569832097,0.0476327139664194,False
liberatore,session-random-255,vng++,0.03217972366590038,0.06435944733180075,False
liberatore,session-random-255,panchenko,0.02522431555865883,0.05044863111731766,False
liberatore,packet-random-255,vng++,0.03141481678452043,0.06282963356904087,False
liberatore,packet-random-255,panchenko,0.023722459474377244,0.04744491894875449,False
liberatore,none,vng++,0.030978466017811613,0.061956932035623226,False
liberatore,none,panchenko,0.016603442910404834,0.03320688582080967,False
liberatore,session-random-gaussian,vng++,0.03047509058213009,0.06095018116426018,False
liberatore,session-random-gaussian,panchenko,0.03812493642167501,0.07624987284335003,False
liberatore,packet-random-gaussian,vng++,0.03152633500515066,0.06305267001030132,False
liberatore,packet-random-gaussian,panchenko,0.024100320165936974,0.04820064033187395,False
liberatore,session-random-255,vng++,0.034776879281067256,0.06955375856213451,False
liberatore,session-random-255,panchenko,0.024092129519326152,0.048184259038652304,False
liberatore,packet-random-255,vng++,0.0346482193561747,0.0692964387123494,False
liberatore,packet-random-255,panchenko,0.022948370352186043,0.04589674070437209,False
liberatore,none,vng++,0.024041022479600552,0.048082044959201105,False
liberatore,none,panchenko,0.014508506319588199,0.029017012639176398,False
liberatore,session-random-gaussian,vng++,0.024418807842802037,0.048837615685604074,False
liberatore,session-random-gaussian,panchenko,0.030910433650404388,0.061820867300808775,False
liberatore,packet-random-gaussian,vng++,0.025584750176488487,0.051169500352976974,False
liberatore,packet-random-gaussian,panchenko,0.02096458731365387,0.04192917462730774,False
liberatore,session-random-255,vng++,0.0263925009611898,0.0527850019223796,False
liberatore,session-random-255,panchenko,0.02024432946443409,0.04048865892886818,False
liberatore,packet-random-255,vng++,0.027702911165149967,0.055405822330299934,False
liberatore,packet-random-255,panchenko,0.020222877918326273,0.040445755836652546,False
liberatore,none,vng++,0.026869616064390218,0.053739232128780436,False
liberatore,none,panchenko,0.015598581248968091,0.031197162497936182,False
liberatore,session-random-gaussian,vng++,0.027655568314592968,0.055311136629185936,False
liberatore,session-random-gaussian,panchenko,0.03345970114330858,0.06691940228661716,False
liberatore,packet-random-gaussian,vng++,0.028130960156255744,0.05626192031251149,False
liberatore,packet-random-gaussian,panchenko,0.02238009184119854,0.04476018368239708,False
liberatore,session-random-255,vng++,0.029490208830868524,0.05898041766173705,False
liberatore,session-random-255,panchenko,0.022182776030960253,0.044365552061920506,False
liberatore,packet-random-255,vng++,0.02926561550559841,0.05853123101119682,False
liberatore,packet-random-255,panchenko,0.019675822355238702,0.039351644710477404,False
liberatore,none,vng++,0.031721477571123306,0.06344295514224661,False
liberatore,none,panchenko,0.016740668828967357,0.033481337657934714,False
liberatore,session-random-gaussian,vng++,0.02989515532253846,0.05979031064507692,False
liberatore,session-random-gaussian,panchenko,0.03978580142988617,0.07957160285977234,False
liberatore,packet-random-gaussian,vng++,0.031142764480472807,0.062285528960945614,False
liberatore,packet-random-gaussian,panchenko,0.026098592288873804,0.05219718457774761,False
liberatore,session-random-255,vng++,0.03546698903943066,0.07093397807886132,False
liberatore,session-random-255,panchenko,0.02569829847956541,0.05139659695913082,False
liberatore,packet-random-255,vng++,0.03255387082526082,0.06510774165052163,False
liberatore,packet-random-255,panchenko,0.024580788420637965,0.04916157684127593,False
liberatore,none,vng++,0.02950011387292994,0.05900022774585988,False
liberatore,none,panchenko,0.01801985300186065,0.0360397060037213,False
liberatore,session-random-gaussian,vng++,0.028768812029954294,0.05753762405990859,False
liberatore,session-random-gaussian,panchenko,0.035420463716524346,0.07084092743304869,False
liberatore,packet-random-gaussian,vng++,0.030272362442307636,0.06054472488461527,False
liberatore,packet-random-gaussian,panchenko,0.025853611575075423,0.05170722315015085,False
liberatore,session-random-255,vng++,0.033236509525372875,0.06647301905074575,False
liberatore,session-random-255,panchenko,0.025174999232505765,0.05034999846501153,False
liberatore,packet-random-255,vng++,0.03346950367819643,0.06693900735639285,False
liberatore,packet-random-255,panchenko,0.023744350313395265,0.04748870062679053,False
liberatore,none,vng++,0.02875213748767899,0.05750427497535798,False
liberatore,none,panchenko,0.016865663890540287,0.033731327781080574,False
liberatore,session-random-gaussian,vng++,0.03113800084201625,0.0622760016840325,False
liberatore,session-random-gaussian,panchenko,0.035859417968425025,0.07171883593685005,False
liberatore,packet-random-gaussian,vng++,0.03044435201358902,0.06088870402717804,False
liberatore,packet-random-gaussian,panchenko,0.024471995963167105,0.04894399192633421,False
liberatore,session-random-255,vng++,0.03362813481920075,0.0672562696384015,False
liberatore,session-random-255,panchenko,0.02356236836098079,0.04712473672196158,False
liberatore,packet-random-255,vng++,0.0356205472931247,0.0712410945862494,False
liberatore,packet-random-255,panchenko,0.02457576646756652,0.04915153293513304,False
liberatore,none,vng++,0.02884710221938994,0.05769420443877988,False
liberatore,none,panchenko,0.017918365971489908,0.035836731942979816,False
liberatore,session-random-gaussian,vng++,0.030268326951657355,0.06053665390331471,False
liberatore,session-random-gaussian,panchenko,0.03640968738723167,0.07281937477446335,False
liberatore,packet-random-gaussian,vng++,0.03235003105193851,0.06470006210387702,False
liberatore,packet-random-gaussian,panchenko,0.025697956173304927,0.051395912346609854,False
liberatore,session-random-255,vng++,0.03550847344952636,0.07101694689905272,False
liberatore,session-random-255,panchenko,0.025243829923106424,0.05048765984621285,False
liberatore,packet-random-255,vng++,0.03272059593204967,0.06544119186409934,False
liberatore,packet-random-255,panchenko,0.02404491929812755,0.0480898385962551,False
liberatore,none,vng++,0.02971142638668307,0.05942285277336614,False
liberatore,none,panchenko,0.017844353654340988,0.035688707308681976,False
liberatore,session-random-gaussian,vng++,0.03133755035666712,0.06267510071333424,False
liberatore,session-random-gaussian,panchenko,0.039321864704782036,0.07864372940956407,False
liberatore,packet-random-gaussian,vng++,0.033085150135718666,0.06617030027143733,False
liberatore,packet-random-gaussian,panchenko,0.024793984583937886,0.04958796916787577,False
liberatore,session-random-255,vng++,0.03342646663597728,0.06685293327195456,False
liberatore,session-random-255,panchenko,0.026258076510027935,0.05251615302005587,False
liberatore,packet-random-255,vng++,0.03394431562099518,0.06788863124199036,False
liberatore,packet-random-255,panchenko,0.02371223542811657,0.04742447085623314,False
liberatore,none,CUMUL,0.01983725199513938,0.03967450399027876,False
liberatore,session-random-gaussian,CUMUL,0.019825378310628645,0.03965075662125729,False
liberatore,packet-random-gaussian,CUMUL,0.02112172608498668,0.04224345216997336,False
liberatore,session-random-255,CUMUL,0.023773433841624066,0.04754686768324813,False
liberatore,packet-random-255,CUMUL,0.021103756913177615,0.04220751382635523,False
liberatore,none,CUMUL,0.0245678619700885,0.049135723940177,False
liberatore,session-random-gaussian,CUMUL,0.025443797665691895,0.05088759533138379,False
liberatore,packet-random-gaussian,CUMUL,0.02649806165196715,0.0529961233039343,False
liberatore,session-random-255,CUMUL,0.027142975834504167,0.054285951669008334,False
liberatore,packet-random-255,CUMUL,0.026594488082721645,0.05318897616544329,False
liberatore,none,CUMUL,0.028795913337451007,0.057591826674902015,False
liberatore,session-random-gaussian,CUMUL,0.030878722784817056,0.06175744556963411,False
liberatore,packet-random-gaussian,CUMUL,0.03284036510872488,0.06568073021744976,False
liberatore,session-random-255,CUMUL,0.03309012168327777,0.06618024336655554,False
liberatore,packet-random-255,CUMUL,0.030703348452006354,0.06140669690401271,False
liberatore,none,CUMUL,0.030582922698962216,0.06116584539792443,False
liberatore,session-random-gaussian,CUMUL,0.02912643013026923,0.05825286026053846,False
liberatore,packet-random-gaussian,CUMUL,0.03137580747301847,0.06275161494603694,False
liberatore,session-random-255,CUMUL,0.029602619861986073,0.059205239723972146,False
liberatore,packet-random-255,CUMUL,0.030789709203424803,0.061579418406849606,False
liberatore,none,CUMUL,0.026859005393485232,0.053718010786970465,False
liberatore,session-random-gaussian,CUMUL,0.027593861718549342,0.055187723437098685,False
liberatore,packet-random-gaussian,CUMUL,0.027525001783354597,0.055050003566709194,False
liberatore,session-random-255,CUMUL,0.02776173376730582,0.05552346753461164,False
liberatore,packet-random-255,CUMUL,0.02979394228420394,0.05958788456840788,False
liberatore,none,CUMUL,0.02259011465341694,0.04518022930683388,False
liberatore,session-random-gaussian,CUMUL,0.023942901361563344,0.04788580272312669,False
liberatore,packet-random-gaussian,CUMUL,0.024398862516714855,0.04879772503342971,False
liberatore,session-random-255,CUMUL,0.025562634258771307,0.051125268517542614,False
liberatore,packet-random-255,CUMUL,0.024918994367950257,0.049837988735900514,False
liberatore,none,CUMUL,0.028200282278298013,0.056400564556596026,False
liberatore,session-random-gaussian,CUMUL,0.029592022545201598,0.059184045090403196,False
liberatore,packet-random-gaussian,CUMUL,0.029473346171887047,0.058946692343774094,False
liberatore,session-random-255,CUMUL,0.02880106653393198,0.05760213306786396,False
liberatore,packet-random-255,CUMUL,0.030616558941978216,0.06123311788395643,False
liberatore,none,CUMUL,0.025714899893772868,0.051429799787545735,False
liberatore,session-random-gaussian,CUMUL,0.02816425481931331,0.05632850963862662,False
liberatore,packet-random-gaussian,CUMUL,0.02881072499489813,0.05762144998979626,False
liberatore,session-random-255,CUMUL,0.03004282920790632,0.06008565841581264,False
liberatore,packet-random-255,CUMUL,0.028698116302294432,0.057396232604588864,False
liberatore,none,CUMUL,0.025806632071500434,0.05161326414300087,False
liberatore,session-random-gaussian,CUMUL,0.025413205621813845,0.05082641124362769,False
liberatore,packet-random-gaussian,CUMUL,0.026596224527746796,0.05319244905549359,False
liberatore,session-random-255,CUMUL,0.027175496788818258,0.054350993577636515,False
liberatore,packet-random-255,CUMUL,0.026515031054866703,0.053030062109733406,False
liberatore,none,CUMUL,0.02537928588527053,0.05075857177054106,False
liberatore,session-random-gaussian,CUMUL,0.025160083858829806,0.05032016771765961,False
liberatore,packet-random-gaussian,CUMUL,0.023542159401293603,0.047084318802587205,False
liberatore,session-random-255,CUMUL,0.025466809691114742,0.050933619382229484,False
liberatore,packet-random-255,CUMUL,0.026705265878317456,0.05341053175663491,False
liberatore,none,CUMUL,0.025402940417752998,0.050805880835505995,False
liberatore,session-random-gaussian,CUMUL,0.025373692865389628,0.050747385730779256,False
liberatore,packet-random-gaussian,CUMUL,0.026769202168962437,0.05353840433792487,False
liberatore,session-random-255,CUMUL,0.026850279181288322,0.053700558362576645,False
liberatore,packet-random-255,CUMUL,0.028138031693034086,0.05627606338606817,False
liberatore,none,CUMUL,0.02543255784976065,0.0508651156995213,False
liberatore,session-random-gaussian,CUMUL,0.026504482689891674,0.05300896537978335,False
liberatore,packet-random-gaussian,CUMUL,0.028336001956417473,0.056672003912834945,False
liberatore,session-random-255,CUMUL,0.027712375200996887,0.05542475040199377,False
liberatore,packet-random-255,CUMUL,0.0286036827863287,0.0572073655726574,False
liberatore,none,CUMUL,0.023553932218833708,0.047107864437667415,False
liberatore,session-random-gaussian,CUMUL,0.02498676774606281,0.04997353549212562,False
liberatore,packet-random-gaussian,CUMUL,0.02403289753881936,0.04806579507763872,False
liberatore,session-random-255,CUMUL,0.023725156759820717,0.047450313519641435,False
liberatore,packet-random-255,CUMUL,0.02419217392705592,0.04838434785411184,False
liberatore,none,CUMUL,0.033206789236183025,0.06641357847236605,False
liberatore,session-random-gaussian,CUMUL,0.03395665649863648,0.06791331299727296,False
liberatore,packet-random-gaussian,CUMUL,0.03473099490168289,0.06946198980336578,False
liberatore,session-random-255,CUMUL,0.036555317614444485,0.07311063522888897,False
liberatore,packet-random-255,CUMUL,0.03483486723397629,0.06966973446795258,False
liberatore,none,CUMUL,0.026257787643646703,0.052515575287293406,False
liberatore,session-random-gaussian,CUMUL,0.026625293423372273,0.053250586846744545,False
liberatore,packet-random-gaussian,CUMUL,0.02680077074810886,0.05360154149621772,False
liberatore,session-random-255,CUMUL,0.02696513278132551,0.05393026556265102,False
liberatore,packet-random-255,CUMUL,0.026786067665527057,0.053572135331054115,False
liberatore,none,CUMUL,0.025462112373665437,0.050924224747330875,False
liberatore,session-random-gaussian,CUMUL,0.02601496389417197,0.05202992778834394,False
liberatore,packet-random-gaussian,CUMUL,0.027049506617976882,0.054099013235953765,False
liberatore,session-random-255,CUMUL,0.02857204602913152,0.05714409205826304,False
liberatore,packet-random-255,CUMUL,0.028076684452913003,0.05615336890582601,False
liberatore,none,CUMUL,0.02318588555350164,0.04637177110700328,False
liberatore,session-random-gaussian,CUMUL,0.025943926071174392,0.051887852142348784,False
liberatore,packet-random-gaussian,CUMUL,0.02550275881097198,0.05100551762194396,False
liberatore,session-random-255,CUMUL,0.02712208892588768,0.05424417785177536,False
liberatore,packet-random-255,CUMUL,0.026917424326545918,0.053834848653091835,False
liberatore,none,CUMUL,0.024253550999291527,0.04850710199858305,False
liberatore,session-random-gaussian,CUMUL,0.025534384226693914,0.05106876845338783,False
liberatore,packet-random-gaussian,CUMUL,0.02878907972839938,0.05757815945679876,False
liberatore,session-random-255,CUMUL,0.026173082502923214,0.05234616500584643,False
liberatore,packet-random-255,CUMUL,0.026946181230058527,0.053892362460117055,False
liberatore,none,CUMUL,0.019947056544111826,0.03989411308822365,False
liberatore,session-random-gaussian,CUMUL,0.020929318766218997,0.041858637532437994,False
liberatore,packet-random-gaussian,CUMUL,0.021300853344744217,0.042601706689488435,False
liberatore,session-random-255,CUMUL,0.022272733912083956,0.04454546782416791,False
liberatore,packet-random-255,CUMUL,0.02261599989855704,0.04523199979711408,False
liberatore,none,CUMUL,0.028019268130435825,0.05603853626087165,False
liberatore,session-random-gaussian,CUMUL,0.03233501455957573,0.06467002911915146,False
liberatore,packet-random-gaussian,CUMUL,0.031120129252308483,0.062240258504616966,False
liberatore,session-random-255,CUMUL,0.032805213317476684,0.06561042663495337,False
liberatore,packet-random-255,CUMUL,0.03194456761926969,0.06388913523853938,False
liberatore,none,CUMUL,0.026384664129213194,0.05276932825842639,False
liberatore,session-random-gaussian,CUMUL,0.027256847978706058,0.054513695957412116,False
liberatore,packet-random-gaussian,CUMUL,0.027642167747741322,0.055284335495482645,False
liberatore,session-random-255,CUMUL,0.027287080093902,0.054574160187804,False
liberatore,packet-random-255,CUMUL,0.028044197801708012,0.056088395603416025,False
liberatore,none,CUMUL,0.027636458358480432,0.055272916716960864,False
liberatore,session-random-gaussian,CUMUL,0.028884281356365636,0.05776856271273127,False
liberatore,packet-random-gaussian,CUMUL,0.028518194228328485,0.05703638845665697,False
liberatore,session-random-255,CUMUL,0.028720189798932778,0.057440379597865555,False
liberatore,packet-random-255,CUMUL,0.029254204445301246,0.05850840889060249,False
liberatore,none,CUMUL,0.03165474801491842,0.06330949602983683,False
liberatore,session-random-gaussian,CUMUL,0.034589209212931286,0.06917841842586257,False
liberatore,packet-random-gaussian,CUMUL,0.03438598176439893,0.06877196352879786,False
liberatore,session-random-255,CUMUL,0.0359252339755709,0.0718504679511418,False
liberatore,packet-random-255,CUMUL,0.0363325235835634,0.0726650471671268,False
liberatore,none,CUMUL,0.019251039353584177,0.038502078707168354,False
liberatore,session-random-gaussian,CUMUL,0.02253920242885623,0.04507840485771246,False
liberatore,packet-random-gaussian,CUMUL,0.022408981226043657,0.044817962452087315,False
liberatore,session-random-255,CUMUL,0.024667666732137782,0.049335333464275564,False
liberatore,packet-random-255,CUMUL,0.022396168508432526,0.04479233701686505,False
liberatore,none,CUMUL,0.019472453582813173,0.03894490716562635,False
liberatore,session-random-gaussian,CUMUL,0.022450279516034014,0.04490055903206803,False
liberatore,packet-random-gaussian,CUMUL,0.02309231447690699,0.04618462895381398,False
liberatore,session-random-255,CUMUL,0.024971918930262994,0.04994383786052599,False
liberatore,packet-random-255,CUMUL,0.02408491336276218,0.04816982672552436,False
liberatore,none,CUMUL,0.0210069762468516,0.0420139524937032,False
liberatore,session-random-gaussian,CUMUL,0.02318239424782066,0.04636478849564132,False
liberatore,packet-random-gaussian,CUMUL,0.02313892529425977,0.04627785058851954,False
liberatore,session-random-255,CUMUL,0.023831051100631412,0.047662102201262824,False
liberatore,packet-random-255,CUMUL,0.024936308316410735,0.04987261663282147,False
liberatore,none,CUMUL,0.02290363987928138,0.04580727975856276,False
liberatore,session-random-gaussian,CUMUL,0.02476243078678924,0.04952486157357848,False
liberatore,packet-random-gaussian,CUMUL,0.025175767677348634,0.05035153535469727,False
liberatore,session-random-255,CUMUL,0.02766329451576433,0.05532658903152866,False
liberatore,packet-random-255,CUMUL,0.025314684041746204,0.05062936808349241,False
liberatore,none,CUMUL,0.025359360462445156,0.05071872092489031,False
liberatore,session-random-gaussian,CUMUL,0.02710113176202694,0.05420226352405388,False
liberatore,packet-random-gaussian,CUMUL,0.026650688512094112,0.053301377024188225,False
liberatore,session-random-255,CUMUL,0.026772579219224532,0.053545158438449064,False
liberatore,packet-random-255,CUMUL,0.029027678422168537,0.058055356844337075,False
liberatore,none,CUMUL,0.02557956281020538,0.05115912562041076,False
liberatore,session-random-gaussian,CUMUL,0.024837616287709162,0.049675232575418324,False
liberatore,packet-random-gaussian,CUMUL,0.02647318109018209,0.05294636218036418,False
liberatore,session-random-255,CUMUL,0.02725971170777919,0.05451942341555838,False
liberatore,packet-random-255,CUMUL,0.026371860148112384,0.05274372029622477,False
liberatore,none,CUMUL,0.027523631294365178,0.055047262588730356,False
liberatore,session-random-gaussian,CUMUL,0.027434022615699622,0.054868045231399244,False
liberatore,packet-random-gaussian,CUMUL,0.02885195626685955,0.0577039125337191,False
liberatore,session-random-255,CUMUL,0.029472872119861764,0.05894574423972353,False
liberatore,packet-random-255,CUMUL,0.030577695965136212,0.061155391930272425,False
liberatore,none,CUMUL,0.02447951654272898,0.04895903308545796,False
liberatore,session-random-gaussian,CUMUL,0.025360238677422032,0.050720477354844064,False
liberatore,packet-random-gaussian,CUMUL,0.026266143964547885,0.05253228792909577,False
liberatore,session-random-255,CUMUL,0.02685600711582484,0.05371201423164968,False
liberatore,packet-random-255,CUMUL,0.026786593301081227,0.053573186602162454,False
liberatore,none,CUMUL,0.026748127739806414,0.05349625547961283,False
liberatore,session-random-gaussian,CUMUL,0.0291121625775707,0.0582243251551414,False
liberatore,packet-random-gaussian,CUMUL,0.029675669242444146,0.05935133848488829,False
liberatore,session-random-255,CUMUL,0.030435197721727467,0.06087039544345493,False
liberatore,packet-random-255,CUMUL,0.030576439648993994,0.06115287929798799,False
liberatore,none,CUMUL,0.027194358710020027,0.054388717420040054,False
liberatore,session-random-gaussian,CUMUL,0.028165314474004877,0.056330628948009755,False
liberatore,packet-random-gaussian,CUMUL,0.028983895447015295,0.05796779089403059,False
liberatore,session-random-255,CUMUL,0.030752553554855195,0.06150510710971039,False
liberatore,packet-random-255,CUMUL,0.027837583091137135,0.05567516618227427,False
liberatore,none,CUMUL,0.030440061847393028,0.060880123694786056,False
liberatore,session-random-gaussian,CUMUL,0.030049537967385645,0.06009907593477129,False
liberatore,packet-random-gaussian,CUMUL,0.03137781962593868,0.06275563925187735,False
liberatore,session-random-255,CUMUL,0.031455227959750275,0.06291045591950055,False
liberatore,packet-random-255,CUMUL,0.03224504935713204,0.06449009871426407,False
liberatore,none,CUMUL,0.022767286126899253,0.045534572253798505,False
liberatore,session-random-gaussian,CUMUL,0.02403588617047259,0.04807177234094518,False
liberatore,packet-random-gaussian,CUMUL,0.023116198633815085,0.04623239726763017,False
liberatore,session-random-255,CUMUL,0.024520013156827784,0.04904002631365557,False
liberatore,packet-random-255,CUMUL,0.025498873552417006,0.05099774710483401,False
liberatore,none,CUMUL,0.01767138379814329,0.03534276759628658,False
liberatore,session-random-gaussian,CUMUL,0.02031441861009047,0.04062883722018094,False
liberatore,packet-random-gaussian,CUMUL,0.02152569719303218,0.04305139438606436,False
liberatore,session-random-255,CUMUL,0.021750280229820586,0.04350056045964117,False
liberatore,packet-random-255,CUMUL,0.02092929348849216,0.04185858697698432,False
liberatore,none,CUMUL,0.02170393898990985,0.0434078779798197,False
liberatore,session-random-gaussian,CUMUL,0.021885535168335687,0.043771070336671374,False
liberatore,packet-random-gaussian,CUMUL,0.022797689451287132,0.045595378902574264,False
liberatore,session-random-255,CUMUL,0.023581507683147235,0.04716301536629447,False
liberatore,packet-random-255,CUMUL,0.02291798904421112,0.04583597808842224,False
liberatore,none,CUMUL,0.023904300722158305,0.04780860144431661,False
liberatore,session-random-gaussian,CUMUL,0.024778838385907602,0.049557676771815204,False
liberatore,packet-random-gaussian,CUMUL,0.02374802596242214,0.04749605192484428,False
liberatore,session-random-255,CUMUL,0.025037482563438584,0.05007496512687717,False
liberatore,packet-random-255,CUMUL,0.025535716701802772,0.051071433403605544,False
liberatore,none,CUMUL,0.017069461176240395,0.03413892235248079,False
liberatore,session-random-gaussian,CUMUL,0.020231362493709097,0.040462724987418194,False
liberatore,packet-random-gaussian,CUMUL,0.02115766641766023,0.04231533283532046,False
liberatore,session-random-255,CUMUL,0.02267477994022089,0.04534955988044178,False
liberatore,packet-random-255,CUMUL,0.021160674109704524,0.04232134821940905,False
liberatore,none,CUMUL,0.024339423229729346,0.04867884645945869,False
liberatore,session-random-gaussian,CUMUL,0.027393470569982946,0.05478694113996589,False
liberatore,packet-random-gaussian,CUMUL,0.026669529121797198,0.053339058243594396,False
liberatore,session-random-255,CUMUL,0.027215678217170903,0.054431356434341806,False
liberatore,packet-random-255,CUMUL,0.025338722409804317,0.05067744481960863,False
liberatore,none,CUMUL,0.023275825676104648,0.046551651352209296,False
liberatore,session-random-gaussian,CUMUL,0.026916267609631363,0.05383253521926273,False
liberatore,packet-random-gaussian,CUMUL,0.028910255997411597,0.057820511994823194,False
liberatore,session-random-255,CUMUL,0.03268519886447083,0.06537039772894165,False
liberatore,packet-random-255,CUMUL,0.030233057899334705,0.06046611579866941,False
liberatore,none,CUMUL,0.026741833269170567,0.053483666538341135,False
liberatore,session-random-gaussian,CUMUL,0.027440451560013072,0.054880903120026144,False
liberatore,packet-random-gaussian,CUMUL,0.02748271844893223,0.05496543689786446,False
liberatore,session-random-255,CUMUL,0.028138421173380567,0.056276842346761134,False
liberatore,packet-random-255,CUMUL,0.028511741999809975,0.05702348399961995,False
liberatore,none,CUMUL,0.02250265876686766,0.04500531753373532,False
liberatore,session-random-gaussian,CUMUL,0.02444196283784647,0.04888392567569294,False
liberatore,packet-random-gaussian,CUMUL,0.023955138925828914,0.04791027785165783,False
liberatore,session-random-255,CUMUL,0.02518866355291234,0.05037732710582468,False
liberatore,packet-random-255,CUMUL,0.02443788207900483,0.04887576415800966,False
liberatore,none,CUMUL,0.024740742753111743,0.049481485506223485,False
liberatore,session-random-gaussian,CUMUL,0.023301658048261505,0.04660331609652301,False
liberatore,packet-random-gaussian,CUMUL,0.025334755897560034,0.05066951179512007,False
liberatore,session-random-255,CUMUL,0.02607251179224517,0.05214502358449034,False
liberatore,packet-random-255,CUMUL,0.02650515022918963,0.05301030045837926,False
liberatore,none,CUMUL,0.023685047474908107,0.04737009494981621,False
liberatore,session-random-gaussian,CUMUL,0.02392788664060954,0.04785577328121908,False
liberatore,packet-random-gaussian,CUMUL,0.025111591627669527,0.05022318325533905,False
liberatore,session-random-255,CUMUL,0.025234760993011293,0.050469521986022586,False
liberatore,packet-random-255,CUMUL,0.02577733865894965,0.0515546773178993,False
liberatore,none,CUMUL,0.020648420357570925,0.04129684071514185,False
liberatore,session-random-gaussian,CUMUL,0.022951184539808933,0.045902369079617866,False
liberatore,packet-random-gaussian,CUMUL,0.022278452847913504,0.04455690569582701,False
liberatore,session-random-255,CUMUL,0.024114953899923307,0.048229907799846615,False
liberatore,packet-random-255,CUMUL,0.0235877427593018,0.0471754855186036,False
liberatore,none,CUMUL,0.02518221577954657,0.05036443155909314,False
liberatore,session-random-gaussian,CUMUL,0.026588683198122423,0.053177366396244846,False
liberatore,packet-random-gaussian,CUMUL,0.02602340795819102,0.05204681591638204,False
liberatore,session-random-255,CUMUL,0.026178237032885302,0.052356474065770604,False
liberatore,packet-random-255,CUMUL,0.025024290893840694,0.05004858178768139,False
liberatore,none,CUMUL,0.022142701592161366,0.04428540318432273,False
liberatore,session-random-gaussian,CUMUL,0.023450524523455404,0.04690104904691081,False
liberatore,packet-random-gaussian,CUMUL,0.024693984136947754,0.04938796827389551,False
liberatore,session-random-255,CUMUL,0.02492935184548665,0.0498587036909733,False
liberatore,packet-random-255,CUMUL,0.025299509966612926,0.05059901993322585,False
liberatore,none,CUMUL,0.02843565248770059,0.05687130497540118,False
liberatore,session-random-gaussian,CUMUL,0.02759595571327302,0.05519191142654604,False
liberatore,packet-random-gaussian,CUMUL,0.029040110932008187,0.058080221864016374,False
liberatore,session-random-255,CUMUL,0.02960160310804385,0.0592032062160877,False
liberatore,packet-random-255,CUMUL,0.0309836900331307,0.0619673800662614,False
liberatore,none,CUMUL,0.023829105630044402,0.047658211260088804,False
liberatore,session-random-gaussian,CUMUL,0.026215744911052316,0.05243148982210463,False
liberatore,packet-random-gaussian,CUMUL,0.025683057046410673,0.051366114092821345,False
liberatore,session-random-255,CUMUL,0.02738389011418022,0.05476778022836044,False
liberatore,packet-random-255,CUMUL,0.027316140566416704,0.05463228113283341,False
